<?xml version="1.0" encoding="utf-8" standalone="yes"?>
<feed xmlns="http://www.w3.org/2005/Atom"
      xmlns:dc="http://purl.org/dc/elements/1.1/"
      xmlns:flickr="urn:flickr:"
      xmlns:media="http://search.yahoo.com/mrss/">

  <title>Content from Flora &amp; Fauna</title>
  <link rel="self" href="http://api.flickr.com/services/feeds/photoset.gne?set=72157604652611940&amp;nsid=24785917@N03&amp;lang=en-us" />
  <link rel="alternate" type="text/html" href="http://www.flickr.com/photos/powerhouse_museum/sets/72157604652611940"/>
  <id>tag:flickr.com,2005:http://www.flickr.com/photos/24785917@N03/sets/72157604652611940</id>
  <icon>http://farm3.static.flickr.com/2014/2429906909_2dedd7ed98_s.jpg</icon>
  <subtitle></subtitle>
  <updated>2008-10-09T03:41:12Z</updated>
  <generator uri="http://www.flickr.com/">Flickr</generator>

  <entry>
    <title>Wombat</title>
    <link rel="alternate" type="text/html" href="http://www.flickr.com/photos/powerhouse_museum/2925126967/in/set-72157604652611940/"/>
    <id>tag:flickr.com,2005:/photo/2925126967/in/set-72157604652611940</id>
    <published>2008-10-09T03:41:12Z</published>
    <updated>2008-10-09T03:41:12Z</updated>
    <dc:date.Taken>1969-12-31T16:00:00-08:00</dc:date.Taken>
    <content type="html">			&lt;p&gt;&lt;a href=&quot;http://www.flickr.com/people/powerhouse_museum/&quot;&gt;Powerhouse Museum Collection&lt;/a&gt; posted a photo:&lt;/p&gt;
	
&lt;p&gt;&lt;a href=&quot;http://www.flickr.com/photos/powerhouse_museum/2925126967/&quot; title=&quot;Wombat&quot;&gt;&lt;img src=&quot;http://farm4.static.flickr.com/3190/2925126967_7ee0fabf0e_m.jpg&quot; width=&quot;240&quot; height=&quot;182&quot; alt=&quot;Wombat&quot; /&gt;&lt;/a&gt;&lt;/p&gt;

&lt;p&gt;&lt;strong&gt;Format: &lt;/strong&gt; Glass plate negative.&lt;br /&gt;
&lt;br /&gt;
&lt;strong&gt;Rights Info: &lt;/strong&gt; No known restrictions on publication.&lt;br /&gt;
&lt;br /&gt;
&lt;strong&gt;Repository: &lt;/strong&gt; Tyrrell Photographic Collection, Powerhouse Museum &lt;a href=&quot;http://www.powerhousemuseum.com/collection/database/collection=The_Tyrrell_Photographic&quot;&gt;www.powerhousemuseum.com/collection/database/collection=The_Tyrrell_Photographic&lt;/a&gt;&lt;br /&gt;
&lt;br /&gt;
&lt;strong&gt;Part Of: &lt;/strong&gt; Powerhouse Museum Collection&lt;br /&gt;
&lt;br /&gt;
General information about the Powerhouse Museum Collection is available at &lt;a href=&quot;http://www.powerhousemuseum.com/collection/database&quot;&gt;www.powerhousemuseum.com/collection/database&lt;/a&gt;&lt;br /&gt;
&lt;br /&gt;
&lt;strong&gt;Persistent URL: &lt;/strong&gt;  &lt;a href=&quot;http://www.powerhousemuseum.com/collection/database/?irn=28366&quot;&gt;http://www.powerhousemuseum.com/collection/database/?irn=28366&lt;/a&gt;&lt;br /&gt;
&lt;br /&gt;
&lt;strong&gt;Acquisition credit line: &lt;/strong&gt; Gift of Australian Consolidated Press under the Taxation Incentives for the Arts Scheme, 1985&lt;/p&gt;</content>
    <author>
      <name>Powerhouse Museum Collection</name>
      <uri>http://www.flickr.com/people/powerhouse_museum/</uri>
      <flickr:nsid>24785917@N03</flickr:nsid>
    </author>
    <link rel="license" type="text/html" href="http://www.flickr.com/commons/usage/" />
    <link rel="enclosure" type="image/jpeg" href="http://farm4.static.flickr.com/3190/2925126967_bcd436e1ff_o.jpg" />
    <category term="native" scheme="http://www.flickr.com/photos/tags/" />
    <category term="taxidermy" scheme="http://www.flickr.com/photos/tags/" />
    <category term="marsupial" scheme="http://www.flickr.com/photos/tags/" />
    <category term="wombat" scheme="http://www.flickr.com/photos/tags/" />
    <category term="powerhousemuseum" scheme="http://www.flickr.com/photos/tags/" />
    <category term="vombatusursinus" scheme="http://www.flickr.com/photos/tags/" />
    <category term="xmlns:dc=httppurlorgdcelements11" scheme="http://www.flickr.com/photos/tags/" />
    <category term="dc:identifier=httpwwwpowerhousemuseumcomcollectiondatabaseirn28366" scheme="http://www.flickr.com/photos/tags/" />
  </entry>

  <entry>
    <title>White cranes</title>
    <link rel="alternate" type="text/html" href="http://www.flickr.com/photos/powerhouse_museum/2925128257/in/set-72157604652611940/"/>
    <id>tag:flickr.com,2005:/photo/2925128257/in/set-72157604652611940</id>
    <published>2008-10-09T03:41:10Z</published>
    <updated>2008-10-09T03:41:10Z</updated>
    <dc:date.Taken>1969-12-31T16:00:00-08:00</dc:date.Taken>
    <content type="html">			&lt;p&gt;&lt;a href=&quot;http://www.flickr.com/people/powerhouse_museum/&quot;&gt;Powerhouse Museum Collection&lt;/a&gt; posted a photo:&lt;/p&gt;
	
&lt;p&gt;&lt;a href=&quot;http://www.flickr.com/photos/powerhouse_museum/2925128257/&quot; title=&quot;White cranes&quot;&gt;&lt;img src=&quot;http://farm4.static.flickr.com/3124/2925128257_14e7db9032_m.jpg&quot; width=&quot;240&quot; height=&quot;182&quot; alt=&quot;White cranes&quot; /&gt;&lt;/a&gt;&lt;/p&gt;

&lt;p&gt;&lt;strong&gt;Format: &lt;/strong&gt; Glass plate negative.&lt;br /&gt;
&lt;br /&gt;
&lt;strong&gt;Rights Info: &lt;/strong&gt; No known restrictions on publication.&lt;br /&gt;
&lt;br /&gt;
&lt;strong&gt;Repository: &lt;/strong&gt; Tyrrell Photographic Collection, Powerhouse Museum &lt;a href=&quot;http://www.powerhousemuseum.com/collection/database/collection=The_Tyrrell_Photographic&quot;&gt;www.powerhousemuseum.com/collection/database/collection=The_Tyrrell_Photographic&lt;/a&gt;&lt;br /&gt;
&lt;br /&gt;
&lt;strong&gt;Part Of: &lt;/strong&gt; Powerhouse Museum Collection&lt;br /&gt;
&lt;br /&gt;
General information about the Powerhouse Museum Collection is available at &lt;a href=&quot;http://www.powerhousemuseum.com/collection/database&quot;&gt;www.powerhousemuseum.com/collection/database&lt;/a&gt;&lt;br /&gt;
&lt;br /&gt;
&lt;strong&gt;Persistent URL: &lt;/strong&gt;  &lt;a href=&quot;http://www.powerhousemuseum.com/collection/database/?irn=28367&quot;&gt;http://www.powerhousemuseum.com/collection/database/?irn=28367&lt;/a&gt;&lt;br /&gt;
&lt;br /&gt;
&lt;strong&gt;Acquisition credit line: &lt;/strong&gt; Gift of Australian Consolidated Press under the Taxation Incentives for the Arts Scheme, 1985&lt;/p&gt;</content>
    <author>
      <name>Powerhouse Museum Collection</name>
      <uri>http://www.flickr.com/people/powerhouse_museum/</uri>
      <flickr:nsid>24785917@N03</flickr:nsid>
    </author>
    <link rel="license" type="text/html" href="http://www.flickr.com/commons/usage/" />
    <link rel="enclosure" type="image/jpeg" href="http://farm4.static.flickr.com/3124/2925128257_f228aca9e5_o.jpg" />
    <category term="birds" scheme="http://www.flickr.com/photos/tags/" />
    <category term="crane" scheme="http://www.flickr.com/photos/tags/" />
    <category term="taxidermy" scheme="http://www.flickr.com/photos/tags/" />
    <category term="powerhousemuseum" scheme="http://www.flickr.com/photos/tags/" />
    <category term="xmlns:dc=httppurlorgdcelements11" scheme="http://www.flickr.com/photos/tags/" />
    <category term="whitecranes" scheme="http://www.flickr.com/photos/tags/" />
    <category term="dc:identifier=httpwwwpowerhousemuseumcomcollectiondatabaseirn28367" scheme="http://www.flickr.com/photos/tags/" />
    <category term="commons:event=commonground2009" scheme="http://www.flickr.com/photos/tags/" />
    <category term="whitecranesongrass" scheme="http://www.flickr.com/photos/tags/" />
  </entry>

  <entry>
    <title>A quiet flock</title>
    <link rel="alternate" type="text/html" href="http://www.flickr.com/photos/powerhouse_museum/2925133991/in/set-72157604652611940/"/>
    <id>tag:flickr.com,2005:/photo/2925133991/in/set-72157604652611940</id>
    <published>2008-10-09T03:41:07Z</published>
    <updated>2008-10-09T03:41:07Z</updated>
    <dc:date.Taken>1969-12-31T16:00:00-08:00</dc:date.Taken>
    <content type="html">			&lt;p&gt;&lt;a href=&quot;http://www.flickr.com/people/powerhouse_museum/&quot;&gt;Powerhouse Museum Collection&lt;/a&gt; posted a photo:&lt;/p&gt;
	
&lt;p&gt;&lt;a href=&quot;http://www.flickr.com/photos/powerhouse_museum/2925133991/&quot; title=&quot;A quiet flock&quot;&gt;&lt;img src=&quot;http://farm4.static.flickr.com/3234/2925133991_e476527b9c_m.jpg&quot; width=&quot;240&quot; height=&quot;184&quot; alt=&quot;A quiet flock&quot; /&gt;&lt;/a&gt;&lt;/p&gt;

&lt;p&gt;&lt;strong&gt;Format: &lt;/strong&gt; Glass plate negative.&lt;br /&gt;
&lt;br /&gt;
&lt;strong&gt;Rights Info: &lt;/strong&gt; No known restrictions on publication.&lt;br /&gt;
&lt;br /&gt;
&lt;strong&gt;Repository: &lt;/strong&gt; Tyrrell Photographic Collection, Powerhouse Museum &lt;a href=&quot;http://www.powerhousemuseum.com/collection/database/collection=The_Tyrrell_Photographic&quot;&gt;www.powerhousemuseum.com/collection/database/collection=The_Tyrrell_Photographic&lt;/a&gt;&lt;br /&gt;
&lt;br /&gt;
&lt;strong&gt;Part Of: &lt;/strong&gt; Powerhouse Museum Collection&lt;br /&gt;
&lt;br /&gt;
General information about the Powerhouse Museum Collection is available at &lt;a href=&quot;http://www.powerhousemuseum.com/collection/database&quot;&gt;www.powerhousemuseum.com/collection/database&lt;/a&gt;&lt;br /&gt;
&lt;br /&gt;
&lt;strong&gt;Persistent URL: &lt;/strong&gt;  &lt;a href=&quot;http://www.powerhousemuseum.com/collection/database/?irn=28372&quot;&gt;http://www.powerhousemuseum.com/collection/database/?irn=28372&lt;/a&gt;&lt;br /&gt;
&lt;br /&gt;
&lt;strong&gt;Acquisition credit line: &lt;/strong&gt; Gift of Australian Consolidated Press under the Taxation Incentives for the Arts Scheme, 1985&lt;/p&gt;</content>
    <author>
      <name>Powerhouse Museum Collection</name>
      <uri>http://www.flickr.com/people/powerhouse_museum/</uri>
      <flickr:nsid>24785917@N03</flickr:nsid>
    </author>
    <link rel="license" type="text/html" href="http://www.flickr.com/commons/usage/" />
    <link rel="enclosure" type="image/jpeg" href="http://farm4.static.flickr.com/3234/2925133991_a3c379f434_o.jpg" />
    <category term="sheep" scheme="http://www.flickr.com/photos/tags/" />
    <category term="flock" scheme="http://www.flickr.com/photos/tags/" />
    <category term="merino" scheme="http://www.flickr.com/photos/tags/" />
    <category term="rumpled" scheme="http://www.flickr.com/photos/tags/" />
    <category term="powerhousemuseum" scheme="http://www.flickr.com/photos/tags/" />
    <category term="xmlns:dc=httppurlorgdcelements11" scheme="http://www.flickr.com/photos/tags/" />
    <category term="dc:identifier=httpwwwpowerhousemuseumcomcollectiondatabaseirn28372" scheme="http://www.flickr.com/photos/tags/" />
  </entry>

  <entry>
    <title>Champion rams</title>
    <link rel="alternate" type="text/html" href="http://www.flickr.com/photos/powerhouse_museum/2925132353/in/set-72157604652611940/"/>
    <id>tag:flickr.com,2005:/photo/2925132353/in/set-72157604652611940</id>
    <published>2008-10-09T03:41:04Z</published>
    <updated>2008-10-09T03:41:04Z</updated>
    <dc:date.Taken>1969-12-31T16:00:00-08:00</dc:date.Taken>
    <content type="html">			&lt;p&gt;&lt;a href=&quot;http://www.flickr.com/people/powerhouse_museum/&quot;&gt;Powerhouse Museum Collection&lt;/a&gt; posted a photo:&lt;/p&gt;
	
&lt;p&gt;&lt;a href=&quot;http://www.flickr.com/photos/powerhouse_museum/2925132353/&quot; title=&quot;Champion rams&quot;&gt;&lt;img src=&quot;http://farm4.static.flickr.com/3131/2925132353_cc796f58d9_m.jpg&quot; width=&quot;240&quot; height=&quot;182&quot; alt=&quot;Champion rams&quot; /&gt;&lt;/a&gt;&lt;/p&gt;

&lt;p&gt;&lt;strong&gt;Format: &lt;/strong&gt; Glass plate negative.&lt;br /&gt;
&lt;br /&gt;
&lt;strong&gt;Rights Info: &lt;/strong&gt; No known restrictions on publication.&lt;br /&gt;
&lt;br /&gt;
&lt;strong&gt;Repository: &lt;/strong&gt; Tyrrell Photographic Collection, Powerhouse Museum &lt;a href=&quot;http://www.powerhousemuseum.com/collection/database/collection=The_Tyrrell_Photographic&quot;&gt;www.powerhousemuseum.com/collection/database/collection=The_Tyrrell_Photographic&lt;/a&gt;&lt;br /&gt;
&lt;br /&gt;
&lt;strong&gt;Part Of: &lt;/strong&gt; Powerhouse Museum Collection&lt;br /&gt;
&lt;br /&gt;
General information about the Powerhouse Museum Collection is available at &lt;a href=&quot;http://www.powerhousemuseum.com/collection/database&quot;&gt;www.powerhousemuseum.com/collection/database&lt;/a&gt;&lt;br /&gt;
&lt;br /&gt;
&lt;strong&gt;Persistent URL: &lt;/strong&gt;  &lt;a href=&quot;http://www.powerhousemuseum.com/collection/database/?irn=28371&quot;&gt;http://www.powerhousemuseum.com/collection/database/?irn=28371&lt;/a&gt;&lt;br /&gt;
&lt;br /&gt;
&lt;strong&gt;Acquisition credit line: &lt;/strong&gt; Gift of Australian Consolidated Press under the Taxation Incentives for the Arts Scheme, 1985&lt;/p&gt;</content>
    <author>
      <name>Powerhouse Museum Collection</name>
      <uri>http://www.flickr.com/people/powerhouse_museum/</uri>
      <flickr:nsid>24785917@N03</flickr:nsid>
    </author>
    <link rel="license" type="text/html" href="http://www.flickr.com/commons/usage/" />
    <link rel="enclosure" type="image/jpeg" href="http://farm4.static.flickr.com/3131/2925132353_0a3ee46f0c_o.jpg" />
    <category term="merino" scheme="http://www.flickr.com/photos/tags/" />
    <category term="rams" scheme="http://www.flickr.com/photos/tags/" />
    <category term="powerhousemuseum" scheme="http://www.flickr.com/photos/tags/" />
    <category term="xmlns:dc=httppurlorgdcelements11" scheme="http://www.flickr.com/photos/tags/" />
    <category term="dc:identifier=httpwwwpowerhousemuseumcomcollectiondatabaseirn28371" scheme="http://www.flickr.com/photos/tags/" />
  </entry>

  <entry>
    <title>Native cat</title>
    <link rel="alternate" type="text/html" href="http://www.flickr.com/photos/powerhouse_museum/2925984626/in/set-72157604652611940/"/>
    <id>tag:flickr.com,2005:/photo/2925984626/in/set-72157604652611940</id>
    <published>2008-10-09T03:40:59Z</published>
    <updated>2008-10-09T03:40:59Z</updated>
    <dc:date.Taken>1969-12-31T16:00:00-08:00</dc:date.Taken>
    <content type="html">			&lt;p&gt;&lt;a href=&quot;http://www.flickr.com/people/powerhouse_museum/&quot;&gt;Powerhouse Museum Collection&lt;/a&gt; posted a photo:&lt;/p&gt;
	
&lt;p&gt;&lt;a href=&quot;http://www.flickr.com/photos/powerhouse_museum/2925984626/&quot; title=&quot;Native cat&quot;&gt;&lt;img src=&quot;http://farm4.static.flickr.com/3244/2925984626_bf837a9c7e_m.jpg&quot; width=&quot;240&quot; height=&quot;182&quot; alt=&quot;Native cat&quot; /&gt;&lt;/a&gt;&lt;/p&gt;

&lt;p&gt;&lt;strong&gt;Format: &lt;/strong&gt; Glass plate negative.&lt;br /&gt;
&lt;br /&gt;
&lt;strong&gt;Rights Info: &lt;/strong&gt; No known restrictions on publication.&lt;br /&gt;
&lt;br /&gt;
&lt;strong&gt;Repository: &lt;/strong&gt; Tyrrell Photographic Collection, Powerhouse Museum &lt;a href=&quot;http://www.powerhousemuseum.com/collection/database/collection=The_Tyrrell_Photographic&quot;&gt;www.powerhousemuseum.com/collection/database/collection=The_Tyrrell_Photographic&lt;/a&gt;&lt;br /&gt;
&lt;br /&gt;
&lt;strong&gt;Part Of: &lt;/strong&gt; Powerhouse Museum Collection&lt;br /&gt;
&lt;br /&gt;
General information about the Powerhouse Museum Collection is available at &lt;a href=&quot;http://www.powerhousemuseum.com/collection/database&quot;&gt;www.powerhousemuseum.com/collection/database&lt;/a&gt;&lt;br /&gt;
&lt;br /&gt;
&lt;strong&gt;Persistent URL: &lt;/strong&gt;  &lt;a href=&quot;http://www.powerhousemuseum.com/collection/database/?irn=29643&quot;&gt;http://www.powerhousemuseum.com/collection/database/?irn=29643&lt;/a&gt;&lt;br /&gt;
&lt;br /&gt;
&lt;strong&gt;Acquisition credit line: &lt;/strong&gt; Gift of Australian Consolidated Press under the Taxation Incentives for the Arts Scheme, 1985&lt;/p&gt;</content>
    <author>
      <name>Powerhouse Museum Collection</name>
      <uri>http://www.flickr.com/people/powerhouse_museum/</uri>
      <flickr:nsid>24785917@N03</flickr:nsid>
    </author>
    <link rel="license" type="text/html" href="http://www.flickr.com/commons/usage/" />
    <link rel="enclosure" type="image/jpeg" href="http://farm4.static.flickr.com/3244/2925984626_0404dddf2c_o.jpg" />
    <category term="fauna" scheme="http://www.flickr.com/photos/tags/" />
    <category term="wildlife" scheme="http://www.flickr.com/photos/tags/" />
    <category term="australian" scheme="http://www.flickr.com/photos/tags/" />
    <category term="taxidermy" scheme="http://www.flickr.com/photos/tags/" />
    <category term="wildcat" scheme="http://www.flickr.com/photos/tags/" />
    <category term="marsupial" scheme="http://www.flickr.com/photos/tags/" />
    <category term="powerhousemuseum" scheme="http://www.flickr.com/photos/tags/" />
    <category term="easternquoll" scheme="http://www.flickr.com/photos/tags/" />
    <category term="quoll" scheme="http://www.flickr.com/photos/tags/" />
    <category term="xmlns:dc=httppurlorgdcelements11" scheme="http://www.flickr.com/photos/tags/" />
    <category term="nativecat" scheme="http://www.flickr.com/photos/tags/" />
    <category term="dasyurusviverrinus" scheme="http://www.flickr.com/photos/tags/" />
    <category term="dc:identifier=httpwwwpowerhousemuseumcomcollectiondatabaseirn29643" scheme="http://www.flickr.com/photos/tags/" />
  </entry>

  <entry>
    <title>Native companions</title>
    <link rel="alternate" type="text/html" href="http://www.flickr.com/photos/powerhouse_museum/2633061658/in/set-72157604652611940/"/>
    <id>tag:flickr.com,2005:/photo/2633061658/in/set-72157604652611940</id>
    <published>2008-07-03T03:25:31Z</published>
    <updated>2008-07-03T03:25:31Z</updated>
    <dc:date.Taken>1969-12-31T16:00:00-08:00</dc:date.Taken>
    <content type="html">			&lt;p&gt;&lt;a href=&quot;http://www.flickr.com/people/powerhouse_museum/&quot;&gt;Powerhouse Museum Collection&lt;/a&gt; posted a photo:&lt;/p&gt;
	
&lt;p&gt;&lt;a href=&quot;http://www.flickr.com/photos/powerhouse_museum/2633061658/&quot; title=&quot;Native companions&quot;&gt;&lt;img src=&quot;http://farm4.static.flickr.com/3056/2633061658_66c1ef1d75_m.jpg&quot; width=&quot;182&quot; height=&quot;240&quot; alt=&quot;Native companions&quot; /&gt;&lt;/a&gt;&lt;/p&gt;

&lt;p&gt;&lt;strong&gt;Format: &lt;/strong&gt; Glass plate negative.&lt;br /&gt;
&lt;br /&gt;
&lt;strong&gt;Rights Info: &lt;/strong&gt; No known restrictions on publication.&lt;br /&gt;
&lt;br /&gt;
&lt;strong&gt;Repository: &lt;/strong&gt; Tyrrell Photographic Collection, Powerhouse Museum &lt;a href=&quot;http://www.powerhousemuseum.com/collection/database/collection=The_Tyrrell_Photographic&quot;&gt;www.powerhousemuseum.com/collection/database/collection=The_Tyrrell_Photographic&lt;/a&gt;&lt;br /&gt;
&lt;br /&gt;
&lt;strong&gt;Part Of: &lt;/strong&gt; Powerhouse Museum Collection&lt;br /&gt;
&lt;br /&gt;
General information about the Powerhouse Museum Collection is available at &lt;a href=&quot;http://www.powerhousemuseum.com/collection/database&quot;&gt;www.powerhousemuseum.com/collection/database&lt;/a&gt;&lt;br /&gt;
&lt;br /&gt;
&lt;strong&gt;Persistent URL: &lt;/strong&gt;  &lt;a href=&quot;http://www.powerhousemuseum.com/collection/database/?irn=27946&quot;&gt;http://www.powerhousemuseum.com/collection/database/?irn=27946&lt;/a&gt;&lt;br /&gt;
&lt;br /&gt;
&lt;strong&gt;Acquisition credit line: &lt;/strong&gt; Gift of Australian Consolidated Press under the Taxation Incentives for the Arts Scheme, 1985&lt;/p&gt;</content>
    <author>
      <name>Powerhouse Museum Collection</name>
      <uri>http://www.flickr.com/people/powerhouse_museum/</uri>
      <flickr:nsid>24785917@N03</flickr:nsid>
    </author>
    <link rel="license" type="text/html" href="http://www.flickr.com/commons/usage/" />
    <link rel="enclosure" type="image/jpeg" href="http://farm4.static.flickr.com/3056/2633061658_5a7407abf1_o.jpg" />
    <category term="powerhousemuseum" scheme="http://www.flickr.com/photos/tags/" />
    <category term="brolga" scheme="http://www.flickr.com/photos/tags/" />
    <category term="grusrubicunda" scheme="http://www.flickr.com/photos/tags/" />
    <category term="xmlns:dc=httppurlorgdcelements11" scheme="http://www.flickr.com/photos/tags/" />
    <category term="dc:identifier=httpwwwpowerhousemuseumcomcollectiondatabaseirn27946" scheme="http://www.flickr.com/photos/tags/" />
  </entry>

  <entry>
    <title>White cockatoos</title>
    <link rel="alternate" type="text/html" href="http://www.flickr.com/photos/powerhouse_museum/2582668178/in/set-72157604652611940/"/>
    <id>tag:flickr.com,2005:/photo/2582668178/in/set-72157604652611940</id>
    <published>2008-06-16T01:25:55Z</published>
    <updated>2008-06-16T01:25:55Z</updated>
    <dc:date.Taken>1969-12-31T16:00:00-08:00</dc:date.Taken>
    <content type="html">			&lt;p&gt;&lt;a href=&quot;http://www.flickr.com/people/powerhouse_museum/&quot;&gt;Powerhouse Museum Collection&lt;/a&gt; posted a photo:&lt;/p&gt;
	
&lt;p&gt;&lt;a href=&quot;http://www.flickr.com/photos/powerhouse_museum/2582668178/&quot; title=&quot;White cockatoos&quot;&gt;&lt;img src=&quot;http://farm4.static.flickr.com/3111/2582668178_0cb5bc3524_m.jpg&quot; width=&quot;240&quot; height=&quot;182&quot; alt=&quot;White cockatoos&quot; /&gt;&lt;/a&gt;&lt;/p&gt;

&lt;p&gt;&lt;strong&gt;Format: &lt;/strong&gt; Glass plate negative.&lt;br /&gt;
&lt;br /&gt;
&lt;strong&gt;Rights Info: &lt;/strong&gt; No known restrictions on publication.&lt;br /&gt;
&lt;br /&gt;
&lt;strong&gt;Repository: &lt;/strong&gt; Tyrrell Photographic Collection, Powerhouse Museum &lt;a href=&quot;http://www.powerhousemuseum.com/collection/database/collection=The_Tyrrell_Photographic&quot;&gt;www.powerhousemuseum.com/collection/database/collection=The_Tyrrell_Photographic&lt;/a&gt;&lt;br /&gt;
&lt;br /&gt;
&lt;strong&gt;Part Of: &lt;/strong&gt; Powerhouse Museum Collection&lt;br /&gt;
&lt;br /&gt;
General information about the Powerhouse Museum Collection is available at &lt;a href=&quot;http://www.powerhousemuseum.com/collection/database&quot;&gt;www.powerhousemuseum.com/collection/database&lt;/a&gt;&lt;br /&gt;
&lt;br /&gt;
&lt;strong&gt;Persistent URL: &lt;/strong&gt;  &lt;a href=&quot;http://www.powerhousemuseum.com/collection/database/?irn=29922&quot;&gt;http://www.powerhousemuseum.com/collection/database/?irn=29922&lt;/a&gt;&lt;br /&gt;
&lt;br /&gt;
&lt;strong&gt;Acquisition credit line: &lt;/strong&gt; Gift of Australian Consolidated Press under the Taxation Incentives for the Arts Scheme, 1985&lt;/p&gt;</content>
    <author>
      <name>Powerhouse Museum Collection</name>
      <uri>http://www.flickr.com/people/powerhouse_museum/</uri>
      <flickr:nsid>24785917@N03</flickr:nsid>
    </author>
    <link rel="license" type="text/html" href="http://www.flickr.com/commons/usage/" />
    <link rel="enclosure" type="image/jpeg" href="http://farm4.static.flickr.com/3111/2582668178_4ab0f0416f_o.jpg" />
    <category term="blackandwhite" scheme="http://www.flickr.com/photos/tags/" />
    <category term="bird" scheme="http://www.flickr.com/photos/tags/" />
    <category term="three" scheme="http://www.flickr.com/photos/tags/" />
    <category term="trio" scheme="http://www.flickr.com/photos/tags/" />
    <category term="cockatoo" scheme="http://www.flickr.com/photos/tags/" />
    <category term="powerhousemuseum" scheme="http://www.flickr.com/photos/tags/" />
    <category term="cockatoos" scheme="http://www.flickr.com/photos/tags/" />
    <category term="australianbirds" scheme="http://www.flickr.com/photos/tags/" />
    <category term="xmlns:dc=httppurlorgdcelements11" scheme="http://www.flickr.com/photos/tags/" />
    <category term="taxonomy:family=cacatuidae" scheme="http://www.flickr.com/photos/tags/" />
    <category term="dc:identifier=httpwwwpowerhousemuseumcomcollectiondatabaseirn29922" scheme="http://www.flickr.com/photos/tags/" />
  </entry>

  <entry>
    <title>Nankeen and white cranes</title>
    <link rel="alternate" type="text/html" href="http://www.flickr.com/photos/powerhouse_museum/2554617303/in/set-72157604652611940/"/>
    <id>tag:flickr.com,2005:/photo/2554617303/in/set-72157604652611940</id>
    <published>2008-06-06T04:23:52Z</published>
    <updated>2008-06-06T04:23:52Z</updated>
    <dc:date.Taken>1969-12-31T16:00:00-08:00</dc:date.Taken>
    <content type="html">			&lt;p&gt;&lt;a href=&quot;http://www.flickr.com/people/powerhouse_museum/&quot;&gt;Powerhouse Museum Collection&lt;/a&gt; posted a photo:&lt;/p&gt;
	
&lt;p&gt;&lt;a href=&quot;http://www.flickr.com/photos/powerhouse_museum/2554617303/&quot; title=&quot;Nankeen and white cranes&quot;&gt;&lt;img src=&quot;http://farm4.static.flickr.com/3275/2554617303_ed7e668c24_m.jpg&quot; width=&quot;240&quot; height=&quot;180&quot; alt=&quot;Nankeen and white cranes&quot; /&gt;&lt;/a&gt;&lt;/p&gt;

&lt;p&gt;&lt;strong&gt;Format: &lt;/strong&gt; Glass plate negative.&lt;br /&gt;
&lt;br /&gt;
&lt;strong&gt;Rights Info: &lt;/strong&gt; No known restrictions on publication.&lt;br /&gt;
&lt;br /&gt;
&lt;strong&gt;Repository: &lt;/strong&gt; Tyrrell Photographic Collection, Powerhouse Museum &lt;a href=&quot;http://www.powerhousemuseum.com/collection/database/collection=The_Tyrrell_Photographic&quot;&gt;www.powerhousemuseum.com/collection/database/collection=The_Tyrrell_Photographic&lt;/a&gt;&lt;br /&gt;
&lt;br /&gt;
&lt;strong&gt;Part Of: &lt;/strong&gt; Powerhouse Museum Collection&lt;br /&gt;
&lt;br /&gt;
General information about the Powerhouse Museum Collection is available at &lt;a href=&quot;http://www.powerhousemuseum.com/collection/database&quot;&gt;www.powerhousemuseum.com/collection/database&lt;/a&gt;&lt;br /&gt;
&lt;br /&gt;
&lt;strong&gt;Persistent URL: &lt;/strong&gt;  &lt;a href=&quot;http://www.powerhousemuseum.com/collection/database/?irn=28590&quot;&gt;http://www.powerhousemuseum.com/collection/database/?irn=28590&lt;/a&gt;&lt;br /&gt;
&lt;br /&gt;
&lt;strong&gt;Acquisition credit line: &lt;/strong&gt; Gift of Australian Consolidated Press under the Taxation Incentives for the Arts Scheme, 1985&lt;/p&gt;</content>
    <author>
      <name>Powerhouse Museum Collection</name>
      <uri>http://www.flickr.com/people/powerhouse_museum/</uri>
      <flickr:nsid>24785917@N03</flickr:nsid>
    </author>
    <link rel="license" type="text/html" href="http://www.flickr.com/commons/usage/" />
    <link rel="enclosure" type="image/jpeg" href="http://farm4.static.flickr.com/3275/2554617303_8002e66bf4_o.jpg" />
    <category term="bird" scheme="http://www.flickr.com/photos/tags/" />
    <category term="crane" scheme="http://www.flickr.com/photos/tags/" />
    <category term="beak" scheme="http://www.flickr.com/photos/tags/" />
    <category term="chicks" scheme="http://www.flickr.com/photos/tags/" />
    <category term="powerhousemuseum" scheme="http://www.flickr.com/photos/tags/" />
    <category term="fledglings" scheme="http://www.flickr.com/photos/tags/" />
    <category term="gruidae" scheme="http://www.flickr.com/photos/tags/" />
    <category term="nycticoraxcaledonicus" scheme="http://www.flickr.com/photos/tags/" />
    <category term="nankeennightheron" scheme="http://www.flickr.com/photos/tags/" />
    <category term="xmlns:dc=httppurlorgdcelements11" scheme="http://www.flickr.com/photos/tags/" />
    <category term="dc:identifier=httpwwwpowerhousemuseumcomcollectiondatabaseirn28590" scheme="http://www.flickr.com/photos/tags/" />
  </entry>

  <entry>
    <title>Kookaburras</title>
    <link rel="alternate" type="text/html" href="http://www.flickr.com/photos/powerhouse_museum/2555451906/in/set-72157604652611940/"/>
    <id>tag:flickr.com,2005:/photo/2555451906/in/set-72157604652611940</id>
    <published>2008-06-06T04:23:26Z</published>
    <updated>2008-06-06T04:23:26Z</updated>
    <dc:date.Taken>1969-12-31T16:00:00-08:00</dc:date.Taken>
    <content type="html">			&lt;p&gt;&lt;a href=&quot;http://www.flickr.com/people/powerhouse_museum/&quot;&gt;Powerhouse Museum Collection&lt;/a&gt; posted a photo:&lt;/p&gt;
	
&lt;p&gt;&lt;a href=&quot;http://www.flickr.com/photos/powerhouse_museum/2555451906/&quot; title=&quot;Kookaburras&quot;&gt;&lt;img src=&quot;http://farm4.static.flickr.com/3080/2555451906_9266de66fb_m.jpg&quot; width=&quot;240&quot; height=&quot;182&quot; alt=&quot;Kookaburras&quot; /&gt;&lt;/a&gt;&lt;/p&gt;

&lt;p&gt;&lt;strong&gt;Format: &lt;/strong&gt; Glass plate negative.&lt;br /&gt;
&lt;br /&gt;
&lt;strong&gt;Rights Info: &lt;/strong&gt; No known restrictions on publication.&lt;br /&gt;
&lt;br /&gt;
&lt;strong&gt;Repository: &lt;/strong&gt; Tyrrell Photographic Collection, Powerhouse Museum &lt;a href=&quot;http://www.powerhousemuseum.com/collection/database/collection=The_Tyrrell_Photographic&quot;&gt;www.powerhousemuseum.com/collection/database/collection=The_Tyrrell_Photographic&lt;/a&gt;&lt;br /&gt;
&lt;br /&gt;
&lt;strong&gt;Part Of: &lt;/strong&gt; Powerhouse Museum Collection&lt;br /&gt;
&lt;br /&gt;
General information about the Powerhouse Museum Collection is available at &lt;a href=&quot;http://www.powerhousemuseum.com/collection/database&quot;&gt;www.powerhousemuseum.com/collection/database&lt;/a&gt;&lt;br /&gt;
&lt;br /&gt;
&lt;strong&gt;Persistent URL: &lt;/strong&gt;  &lt;a href=&quot;http://www.powerhousemuseum.com/collection/database/?irn=28382&quot;&gt;http://www.powerhousemuseum.com/collection/database/?irn=28382&lt;/a&gt;&lt;br /&gt;
&lt;br /&gt;
&lt;strong&gt;Acquisition credit line: &lt;/strong&gt; Gift of Australian Consolidated Press under the Taxation Incentives for the Arts Scheme, 1985&lt;/p&gt;</content>
    <author>
      <name>Powerhouse Museum Collection</name>
      <uri>http://www.flickr.com/people/powerhouse_museum/</uri>
      <flickr:nsid>24785917@N03</flickr:nsid>
    </author>
    <link rel="license" type="text/html" href="http://www.flickr.com/commons/usage/" />
    <link rel="enclosure" type="image/jpeg" href="http://farm4.static.flickr.com/3080/2555451906_55a0b82455_o.jpg" />
    <category term="baby" scheme="http://www.flickr.com/photos/tags/" />
    <category term="bird" scheme="http://www.flickr.com/photos/tags/" />
    <category term="birds" scheme="http://www.flickr.com/photos/tags/" />
    <category term="fauna" scheme="http://www.flickr.com/photos/tags/" />
    <category term="photo" scheme="http://www.flickr.com/photos/tags/" />
    <category term="eyes" scheme="http://www.flickr.com/photos/tags/" />
    <category term="babies" scheme="http://www.flickr.com/photos/tags/" />
    <category term="branch" scheme="http://www.flickr.com/photos/tags/" />
    <category term="o" scheme="http://www.flickr.com/photos/tags/" />
    <category term="5" scheme="http://www.flickr.com/photos/tags/" />
    <category term="five" scheme="http://www.flickr.com/photos/tags/" />
    <category term="sydney" scheme="http://www.flickr.com/photos/tags/" />
    <category term="beak" scheme="http://www.flickr.com/photos/tags/" />
    <category term="feathers" scheme="http://www.flickr.com/photos/tags/" />
    <category term="profiles" scheme="http://www.flickr.com/photos/tags/" />
    <category term="australia" scheme="http://www.flickr.com/photos/tags/" />
    <category term="aves" scheme="http://www.flickr.com/photos/tags/" />
    <category term="kerry" scheme="http://www.flickr.com/photos/tags/" />
    <category term="pajaros" scheme="http://www.flickr.com/photos/tags/" />
    <category term="repetition" scheme="http://www.flickr.com/photos/tags/" />
    <category term="kingfisher" scheme="http://www.flickr.com/photos/tags/" />
    <category term="perch" scheme="http://www.flickr.com/photos/tags/" />
    <category term="grupo" scheme="http://www.flickr.com/photos/tags/" />
    <category term="laughter" scheme="http://www.flickr.com/photos/tags/" />
    <category term="oiseau" scheme="http://www.flickr.com/photos/tags/" />
    <category term="kookaburra" scheme="http://www.flickr.com/photos/tags/" />
    <category term="oiseaux" scheme="http://www.flickr.com/photos/tags/" />
    <category term="powerhousemuseum" scheme="http://www.flickr.com/photos/tags/" />
    <category term="cocteautwins" scheme="http://www.flickr.com/photos/tags/" />
    <category term="quintet" scheme="http://www.flickr.com/photos/tags/" />
    <category term="plumage" scheme="http://www.flickr.com/photos/tags/" />
    <category term="ibon" scheme="http://www.flickr.com/photos/tags/" />
    <category term="babybirds" scheme="http://www.flickr.com/photos/tags/" />
    <category term="kookaburras" scheme="http://www.flickr.com/photos/tags/" />
    <category term="dacelo" scheme="http://www.flickr.com/photos/tags/" />
    <category term="uccellini" scheme="http://www.flickr.com/photos/tags/" />
    <category term="glassplatenegative" scheme="http://www.flickr.com/photos/tags/" />
    <category term="cuteoverload" scheme="http://www.flickr.com/photos/tags/" />
    <category term="3521" scheme="http://www.flickr.com/photos/tags/" />
    <category term="xmlns:dc=httppurlorgdcelements11" scheme="http://www.flickr.com/photos/tags/" />
    <category term="ornthology" scheme="http://www.flickr.com/photos/tags/" />
    <category term="taxonomy:genus=dacelo" scheme="http://www.flickr.com/photos/tags/" />
    <category term="dc:identifier=httpwwwpowerhousemuseumcomcollectiondatabaseirn28382" scheme="http://www.flickr.com/photos/tags/" />
    <category term="welldone123" scheme="http://www.flickr.com/photos/tags/" />
    <category term="kerryphoto" scheme="http://www.flickr.com/photos/tags/" />
    <category term="noiretblancoisillon" scheme="http://www.flickr.com/photos/tags/" />
    <category term="commons:event=commonground2009" scheme="http://www.flickr.com/photos/tags/" />
  </entry>

  <entry>
    <title>White throated petrels</title>
    <link rel="alternate" type="text/html" href="http://www.flickr.com/photos/powerhouse_museum/2532453477/in/set-72157604652611940/"/>
    <id>tag:flickr.com,2005:/photo/2532453477/in/set-72157604652611940</id>
    <published>2008-05-29T11:12:05Z</published>
    <updated>2008-05-29T11:12:05Z</updated>
    <dc:date.Taken>1969-12-31T16:00:00-08:00</dc:date.Taken>
    <content type="html">			&lt;p&gt;&lt;a href=&quot;http://www.flickr.com/people/powerhouse_museum/&quot;&gt;Powerhouse Museum Collection&lt;/a&gt; posted a photo:&lt;/p&gt;
	
&lt;p&gt;&lt;a href=&quot;http://www.flickr.com/photos/powerhouse_museum/2532453477/&quot; title=&quot;White throated petrels&quot;&gt;&lt;img src=&quot;http://farm4.static.flickr.com/3257/2532453477_a3eeb02e40_m.jpg&quot; width=&quot;240&quot; height=&quot;183&quot; alt=&quot;White throated petrels&quot; /&gt;&lt;/a&gt;&lt;/p&gt;

&lt;p&gt;&lt;strong&gt;Format: &lt;/strong&gt; Glass plate negative.&lt;br /&gt;
&lt;br /&gt;
&lt;strong&gt;Rights Info: &lt;/strong&gt; No known restrictions on publication.&lt;br /&gt;
&lt;br /&gt;
&lt;strong&gt;Repository: &lt;/strong&gt; Tyrrell Photographic Collection, Powerhouse Museum &lt;a href=&quot;http://www.powerhousemuseum.com/collection/database/collection=The_Tyrrell_Photographic&quot;&gt;www.powerhousemuseum.com/collection/database/collection=The_Tyrrell_Photographic&lt;/a&gt;&lt;br /&gt;
&lt;br /&gt;
&lt;strong&gt;Part Of: &lt;/strong&gt; Powerhouse Museum Collection&lt;br /&gt;
&lt;br /&gt;
General information about the Powerhouse Museum Collection is available at &lt;a href=&quot;http://www.powerhousemuseum.com/collection/database&quot;&gt;www.powerhousemuseum.com/collection/database&lt;/a&gt;&lt;br /&gt;
&lt;br /&gt;
&lt;strong&gt;Persistent URL: &lt;/strong&gt;  &lt;a href=&quot;http://www.powerhousemuseum.com/collection/database/?irn=30389&quot;&gt;http://www.powerhousemuseum.com/collection/database/?irn=30389&lt;/a&gt;&lt;br /&gt;
&lt;br /&gt;
&lt;strong&gt;Acquisition credit line: &lt;/strong&gt; Gift of Australian Consolidated Press under the Taxation Incentives for the Arts Scheme, 1985&lt;/p&gt;</content>
    <author>
      <name>Powerhouse Museum Collection</name>
      <uri>http://www.flickr.com/people/powerhouse_museum/</uri>
      <flickr:nsid>24785917@N03</flickr:nsid>
    </author>
    <link rel="license" type="text/html" href="http://www.flickr.com/commons/usage/" />
    <link rel="enclosure" type="image/jpeg" href="http://farm4.static.flickr.com/3257/2532453477_fdbf46a0e0_o.jpg" />
    <category term="white" scheme="http://www.flickr.com/photos/tags/" />
    <category term="black" scheme="http://www.flickr.com/photos/tags/" />
    <category term="bird" scheme="http://www.flickr.com/photos/tags/" />
    <category term="birds" scheme="http://www.flickr.com/photos/tags/" />
    <category term="nest" scheme="http://www.flickr.com/photos/tags/" />
    <category term="ducks" scheme="http://www.flickr.com/photos/tags/" />
    <category term="seabird" scheme="http://www.flickr.com/photos/tags/" />
    <category term="waterbirds" scheme="http://www.flickr.com/photos/tags/" />
    <category term="powerhousemuseum" scheme="http://www.flickr.com/photos/tags/" />
    <category term="throated" scheme="http://www.flickr.com/photos/tags/" />
    <category term="xmlns:dc=httppurlorgdcelements11" scheme="http://www.flickr.com/photos/tags/" />
    <category term="dc:identifier=httpwwwpowerhousemuseumcomcollectiondatabaseirn30389" scheme="http://www.flickr.com/photos/tags/" />
  </entry>

  <entry>
    <title>The Zoo, Moore Park, Sydney</title>
    <link rel="alternate" type="text/html" href="http://www.flickr.com/photos/powerhouse_museum/2484315925/in/set-72157604652611940/"/>
    <id>tag:flickr.com,2005:/photo/2484315925/in/set-72157604652611940</id>
    <published>2008-05-12T02:49:10Z</published>
    <updated>2008-05-12T02:49:10Z</updated>
    <dc:date.Taken>1969-12-31T16:00:00-08:00</dc:date.Taken>
    <content type="html">			&lt;p&gt;&lt;a href=&quot;http://www.flickr.com/people/powerhouse_museum/&quot;&gt;Powerhouse Museum Collection&lt;/a&gt; posted a photo:&lt;/p&gt;
	
&lt;p&gt;&lt;a href=&quot;http://www.flickr.com/photos/powerhouse_museum/2484315925/&quot; title=&quot;The Zoo, Moore Park, Sydney&quot;&gt;&lt;img src=&quot;http://farm4.static.flickr.com/3060/2484315925_4d47b261d0_m.jpg&quot; width=&quot;240&quot; height=&quot;187&quot; alt=&quot;The Zoo, Moore Park, Sydney&quot; /&gt;&lt;/a&gt;&lt;/p&gt;

&lt;p&gt;&lt;strong&gt;Format: &lt;/strong&gt; Glass plate negative.&lt;br /&gt;
&lt;br /&gt;
&lt;strong&gt;Rights Info: &lt;/strong&gt; No known restrictions on publication.&lt;br /&gt;
&lt;br /&gt;
&lt;strong&gt;Repository: &lt;/strong&gt; Tyrrell Photographic Collection, Powerhouse Museum &lt;a href=&quot;http://www.powerhousemuseum.com/collection/database/collection=The_Tyrrell_Photographic&quot;&gt;www.powerhousemuseum.com/collection/database/collection=The_Tyrrell_Photographic&lt;/a&gt;&lt;br /&gt;
&lt;br /&gt;
&lt;strong&gt;Part Of: &lt;/strong&gt; Powerhouse Museum Collection&lt;br /&gt;
&lt;br /&gt;
General information about the Powerhouse Museum Collection is available at &lt;a href=&quot;http://www.powerhousemuseum.com/collection/database&quot;&gt;www.powerhousemuseum.com/collection/database&lt;/a&gt;&lt;br /&gt;
&lt;br /&gt;
&lt;strong&gt;Persistent URL: &lt;/strong&gt;  &lt;a href=&quot;http://www.powerhousemuseum.com/collection/database/?irn=30945&quot;&gt;http://www.powerhousemuseum.com/collection/database/?irn=30945&lt;/a&gt;&lt;br /&gt;
&lt;br /&gt;
&lt;strong&gt;Acquisition credit line: &lt;/strong&gt; Gift of Australian Consolidated Press under the Taxation Incentives for the Arts Scheme, 1985&lt;/p&gt;</content>
    <author>
      <name>Powerhouse Museum Collection</name>
      <uri>http://www.flickr.com/people/powerhouse_museum/</uri>
      <flickr:nsid>24785917@N03</flickr:nsid>
    </author>
    <link rel="license" type="text/html" href="http://www.flickr.com/commons/usage/" />
    <link rel="enclosure" type="image/jpeg" href="http://farm4.static.flickr.com/3060/2484315925_0d9b02561b_o.jpg" />
    <category term="blackandwhite" scheme="http://www.flickr.com/photos/tags/" />
    <category term="face" scheme="http://www.flickr.com/photos/tags/" />
    <category term="animal" scheme="http://www.flickr.com/photos/tags/" />
    <category term="skinny" scheme="http://www.flickr.com/photos/tags/" />
    <category term="zoo" scheme="http://www.flickr.com/photos/tags/" />
    <category term="sydney" scheme="http://www.flickr.com/photos/tags/" />
    <category term="lion" scheme="http://www.flickr.com/photos/tags/" />
    <category term="1900" scheme="http://www.flickr.com/photos/tags/" />
    <category term="ribs" scheme="http://www.flickr.com/photos/tags/" />
    <category term="depressed" scheme="http://www.flickr.com/photos/tags/" />
    <category term="hungry" scheme="http://www.flickr.com/photos/tags/" />
    <category term="mane" scheme="http://www.flickr.com/photos/tags/" />
    <category term="powerhousemuseum" scheme="http://www.flickr.com/photos/tags/" />
    <category term="malnourished" scheme="http://www.flickr.com/photos/tags/" />
    <category term="moorepark" scheme="http://www.flickr.com/photos/tags/" />
    <category term="pantheraleo" scheme="http://www.flickr.com/photos/tags/" />
    <category term="xmlns:dc=httppurlorgdcelements11" scheme="http://www.flickr.com/photos/tags/" />
    <category term="dc:identifier=httpwwwpowerhousemuseumcomcollectiondatabaseirn30945" scheme="http://www.flickr.com/photos/tags/" />
    <category term="taxonomy:binomial=pantheraleo" scheme="http://www.flickr.com/photos/tags/" />
  </entry>

  <entry>
    <title>Wonga pigeons and doves</title>
    <link rel="alternate" type="text/html" href="http://www.flickr.com/photos/powerhouse_museum/2484327283/in/set-72157604652611940/"/>
    <id>tag:flickr.com,2005:/photo/2484327283/in/set-72157604652611940</id>
    <published>2008-05-12T02:48:52Z</published>
    <updated>2008-05-12T02:48:52Z</updated>
    <dc:date.Taken>1969-12-31T16:00:00-08:00</dc:date.Taken>
    <content type="html">			&lt;p&gt;&lt;a href=&quot;http://www.flickr.com/people/powerhouse_museum/&quot;&gt;Powerhouse Museum Collection&lt;/a&gt; posted a photo:&lt;/p&gt;
	
&lt;p&gt;&lt;a href=&quot;http://www.flickr.com/photos/powerhouse_museum/2484327283/&quot; title=&quot;Wonga pigeons and doves&quot;&gt;&lt;img src=&quot;http://farm4.static.flickr.com/3048/2484327283_c6bbd619c7_m.jpg&quot; width=&quot;240&quot; height=&quot;183&quot; alt=&quot;Wonga pigeons and doves&quot; /&gt;&lt;/a&gt;&lt;/p&gt;

&lt;p&gt;&lt;strong&gt;Format: &lt;/strong&gt; Glass plate negative.&lt;br /&gt;
&lt;br /&gt;
&lt;strong&gt;Rights Info: &lt;/strong&gt; No known restrictions on publication.&lt;br /&gt;
&lt;br /&gt;
&lt;strong&gt;Repository: &lt;/strong&gt; Tyrrell Photographic Collection, Powerhouse Museum &lt;a href=&quot;http://www.powerhousemuseum.com/collection/database/collection=The_Tyrrell_Photographic&quot;&gt;www.powerhousemuseum.com/collection/database/collection=The_Tyrrell_Photographic&lt;/a&gt;&lt;br /&gt;
&lt;br /&gt;
&lt;strong&gt;Part Of: &lt;/strong&gt; Powerhouse Museum Collection&lt;br /&gt;
&lt;br /&gt;
General information about the Powerhouse Museum Collection is available at &lt;a href=&quot;http://www.powerhousemuseum.com/collection/database&quot;&gt;www.powerhousemuseum.com/collection/database&lt;/a&gt;&lt;br /&gt;
&lt;br /&gt;
&lt;strong&gt;Persistent URL: &lt;/strong&gt;  &lt;a href=&quot;http://www.powerhousemuseum.com/collection/database/?irn=30145&quot;&gt;http://www.powerhousemuseum.com/collection/database/?irn=30145&lt;/a&gt;&lt;br /&gt;
&lt;br /&gt;
&lt;strong&gt;Acquisition credit line: &lt;/strong&gt; Gift of Australian Consolidated Press under the Taxation Incentives for the Arts Scheme, 1985&lt;/p&gt;</content>
    <author>
      <name>Powerhouse Museum Collection</name>
      <uri>http://www.flickr.com/people/powerhouse_museum/</uri>
      <flickr:nsid>24785917@N03</flickr:nsid>
    </author>
    <link rel="license" type="text/html" href="http://www.flickr.com/commons/usage/" />
    <link rel="enclosure" type="image/jpeg" href="http://farm4.static.flickr.com/3048/2484327283_9449545da4_o.jpg" />
    <category term="birds" scheme="http://www.flickr.com/photos/tags/" />
    <category term="blackwhite" scheme="http://www.flickr.com/photos/tags/" />
    <category term="stuffed" scheme="http://www.flickr.com/photos/tags/" />
    <category term="pigeons" scheme="http://www.flickr.com/photos/tags/" />
    <category term="taxidermy" scheme="http://www.flickr.com/photos/tags/" />
    <category term="doves" scheme="http://www.flickr.com/photos/tags/" />
    <category term="powerhousemuseum" scheme="http://www.flickr.com/photos/tags/" />
    <category term="wongapigeon" scheme="http://www.flickr.com/photos/tags/" />
    <category term="leucosarciamelanoleuca" scheme="http://www.flickr.com/photos/tags/" />
    <category term="xmlns:dc=httppurlorgdcelements11" scheme="http://www.flickr.com/photos/tags/" />
    <category term="dc:identifier=httpwwwpowerhousemuseumcomcollectiondatabaseirn30145" scheme="http://www.flickr.com/photos/tags/" />
  </entry>

  <entry>
    <title>Blue gums in a billabong</title>
    <link rel="alternate" type="text/html" href="http://www.flickr.com/photos/powerhouse_museum/2430721656/in/set-72157604652611940/"/>
    <id>tag:flickr.com,2005:/photo/2430721656/in/set-72157604652611940</id>
    <published>2008-04-24T02:00:04Z</published>
    <updated>2008-04-24T02:00:04Z</updated>
    <dc:date.Taken>1969-12-31T16:00:00-08:00</dc:date.Taken>
    <content type="html">			&lt;p&gt;&lt;a href=&quot;http://www.flickr.com/people/powerhouse_museum/&quot;&gt;Powerhouse Museum Collection&lt;/a&gt; posted a photo:&lt;/p&gt;
	
&lt;p&gt;&lt;a href=&quot;http://www.flickr.com/photos/powerhouse_museum/2430721656/&quot; title=&quot;Blue gums in a billabong&quot;&gt;&lt;img src=&quot;http://farm3.static.flickr.com/2022/2430721656_a16e70e1fa_m.jpg&quot; width=&quot;240&quot; height=&quot;178&quot; alt=&quot;Blue gums in a billabong&quot; /&gt;&lt;/a&gt;&lt;/p&gt;

&lt;p&gt;&lt;strong&gt;Format: &lt;/strong&gt; Glass plate negative.&lt;br /&gt;
&lt;br /&gt;
&lt;strong&gt;Rights Info: &lt;/strong&gt; No known restrictions on publication.&lt;br /&gt;
&lt;br /&gt;
&lt;strong&gt;Repository: &lt;/strong&gt; Tyrrell Photographic Collection, Powerhouse Museum &lt;a href=&quot;http://www.powerhousemuseum.com/collection/database/collection=The_Tyrrell_Photographic&quot;&gt;www.powerhousemuseum.com/collection/database/collection=The_Tyrrell_Photographic&lt;/a&gt;&lt;br /&gt;
&lt;br /&gt;
&lt;strong&gt;Part Of: &lt;/strong&gt; Powerhouse Museum Collection&lt;br /&gt;
&lt;br /&gt;
General information about the Powerhouse Museum Collection is available at &lt;a href=&quot;http://www.powerhousemuseum.com/collection/database&quot;&gt;www.powerhousemuseum.com/collection/database&lt;/a&gt;&lt;br /&gt;
&lt;br /&gt;
&lt;strong&gt;Persistent URL: &lt;/strong&gt;  &lt;a href=&quot;http://www.powerhousemuseum.com/collection/database/?irn=29323&quot;&gt;http://www.powerhousemuseum.com/collection/database/?irn=29323&lt;/a&gt;&lt;br /&gt;
&lt;br /&gt;
&lt;strong&gt;Acquisition credit line: &lt;/strong&gt; Gift of Australian Consolidated Press under the Taxation Incentives for the Arts Scheme, 1985&lt;/p&gt;</content>
    <author>
      <name>Powerhouse Museum Collection</name>
      <uri>http://www.flickr.com/people/powerhouse_museum/</uri>
      <flickr:nsid>24785917@N03</flickr:nsid>
    </author>
    <link rel="license" type="text/html" href="http://www.flickr.com/commons/usage/" />
    <link rel="enclosure" type="image/jpeg" href="http://farm3.static.flickr.com/2022/2430721656_cbfd51410c_o.jpg" />
    <category term="trees" scheme="http://www.flickr.com/photos/tags/" />
    <category term="tree" scheme="http://www.flickr.com/photos/tags/" />
    <category term="swamp" scheme="http://www.flickr.com/photos/tags/" />
    <category term="eucalyptus" scheme="http://www.flickr.com/photos/tags/" />
    <category term="billabong" scheme="http://www.flickr.com/photos/tags/" />
    <category term="powerhousemuseum" scheme="http://www.flickr.com/photos/tags/" />
    <category term="bluegum" scheme="http://www.flickr.com/photos/tags/" />
    <category term="myrtaceae" scheme="http://www.flickr.com/photos/tags/" />
    <category term="pointdeau" scheme="http://www.flickr.com/photos/tags/" />
    <category term="xmlns:dc=httppurlorgdcelements11" scheme="http://www.flickr.com/photos/tags/" />
    <category term="dc:identifier=httpwwwpowerhousemuseumcomcollectiondatabaseirn29323" scheme="http://www.flickr.com/photos/tags/" />
  </entry>

  <entry>
    <title>Giant grass trees</title>
    <link rel="alternate" type="text/html" href="http://www.flickr.com/photos/powerhouse_museum/2414466051/in/set-72157604652611940/"/>
    <id>tag:flickr.com,2005:/photo/2414466051/in/set-72157604652611940</id>
    <published>2008-04-24T02:00:04Z</published>
    <updated>2008-04-24T02:00:04Z</updated>
    <dc:date.Taken>1969-12-31T16:00:00-08:00</dc:date.Taken>
    <content type="html">			&lt;p&gt;&lt;a href=&quot;http://www.flickr.com/people/powerhouse_museum/&quot;&gt;Powerhouse Museum Collection&lt;/a&gt; posted a photo:&lt;/p&gt;
	
&lt;p&gt;&lt;a href=&quot;http://www.flickr.com/photos/powerhouse_museum/2414466051/&quot; title=&quot;Giant grass trees&quot;&gt;&lt;img src=&quot;http://farm3.static.flickr.com/2269/2414466051_4a0c1b3617_m.jpg&quot; width=&quot;179&quot; height=&quot;240&quot; alt=&quot;Giant grass trees&quot; /&gt;&lt;/a&gt;&lt;/p&gt;

&lt;p&gt;&lt;strong&gt;Format: &lt;/strong&gt; Glass plate negative.&lt;br /&gt;
&lt;br /&gt;
&lt;strong&gt;Rights Info: &lt;/strong&gt; No known restrictions on publication.&lt;br /&gt;
&lt;br /&gt;
&lt;strong&gt;Repository: &lt;/strong&gt; Tyrrell Photographic Collection, Powerhouse Museum &lt;a href=&quot;http://www.powerhousemuseum.com/collection/database/collection=The_Tyrrell_Photographic&quot;&gt;www.powerhousemuseum.com/collection/database/collection=The_Tyrrell_Photographic&lt;/a&gt;&lt;br /&gt;
&lt;br /&gt;
&lt;strong&gt;Part Of: &lt;/strong&gt; Powerhouse Museum Collection&lt;br /&gt;
&lt;br /&gt;
General information about the Powerhouse Museum Collection is available at &lt;a href=&quot;http://www.powerhousemuseum.com/collection/database&quot;&gt;www.powerhousemuseum.com/collection/database&lt;/a&gt;&lt;br /&gt;
&lt;br /&gt;
&lt;strong&gt;Persistent URL: &lt;/strong&gt;  &lt;a href=&quot;http://www.powerhousemuseum.com/collection/database/?irn=28634&quot;&gt;http://www.powerhousemuseum.com/collection/database/?irn=28634&lt;/a&gt;&lt;br /&gt;
&lt;br /&gt;
&lt;strong&gt;Acquisition credit line: &lt;/strong&gt; Gift of Australian Consolidated Press under the Taxation Incentives for the Arts Scheme, 1985&lt;/p&gt;</content>
    <author>
      <name>Powerhouse Museum Collection</name>
      <uri>http://www.flickr.com/people/powerhouse_museum/</uri>
      <flickr:nsid>24785917@N03</flickr:nsid>
    </author>
    <link rel="license" type="text/html" href="http://www.flickr.com/commons/usage/" />
    <link rel="enclosure" type="image/jpeg" href="http://farm3.static.flickr.com/2269/2414466051_daf3d30947_o.jpg" />
    <category term="plant" scheme="http://www.flickr.com/photos/tags/" />
    <category term="tree" scheme="http://www.flickr.com/photos/tags/" />
    <category term="grass" scheme="http://www.flickr.com/photos/tags/" />
    <category term="native" scheme="http://www.flickr.com/photos/tags/" />
    <category term="odd" scheme="http://www.flickr.com/photos/tags/" />
    <category term="bloom" scheme="http://www.flickr.com/photos/tags/" />
    <category term="spike" scheme="http://www.flickr.com/photos/tags/" />
    <category term="succulents" scheme="http://www.flickr.com/photos/tags/" />
    <category term="树" scheme="http://www.flickr.com/photos/tags/" />
    <category term="indigenous" scheme="http://www.flickr.com/photos/tags/" />
    <category term="powerhousemuseum" scheme="http://www.flickr.com/photos/tags/" />
    <category term="exoticplants" scheme="http://www.flickr.com/photos/tags/" />
    <category term="xanthorrhoea" scheme="http://www.flickr.com/photos/tags/" />
    <category term="松树" scheme="http://www.flickr.com/photos/tags/" />
    <category term="xmlns:dc=httppurlorgdcelements11" scheme="http://www.flickr.com/photos/tags/" />
    <category term="dc:identifier=httpwwwpowerhousemuseumcomcollectiondatabaseirn28634" scheme="http://www.flickr.com/photos/tags/" />
    <category term="干枯的树" scheme="http://www.flickr.com/photos/tags/" />
  </entry>

  <entry>
    <title>Australian grass trees</title>
    <link rel="alternate" type="text/html" href="http://www.flickr.com/photos/powerhouse_museum/2414463667/in/set-72157604652611940/"/>
    <id>tag:flickr.com,2005:/photo/2414463667/in/set-72157604652611940</id>
    <published>2008-04-24T02:00:04Z</published>
    <updated>2008-04-24T02:00:04Z</updated>
    <dc:date.Taken>1969-12-31T16:00:00-08:00</dc:date.Taken>
    <content type="html">			&lt;p&gt;&lt;a href=&quot;http://www.flickr.com/people/powerhouse_museum/&quot;&gt;Powerhouse Museum Collection&lt;/a&gt; posted a photo:&lt;/p&gt;
	
&lt;p&gt;&lt;a href=&quot;http://www.flickr.com/photos/powerhouse_museum/2414463667/&quot; title=&quot;Australian grass trees&quot;&gt;&lt;img src=&quot;http://farm3.static.flickr.com/2343/2414463667_a173b81c3b_m.jpg&quot; width=&quot;180&quot; height=&quot;240&quot; alt=&quot;Australian grass trees&quot; /&gt;&lt;/a&gt;&lt;/p&gt;

&lt;p&gt;&lt;strong&gt;Format: &lt;/strong&gt; Glass plate negative.&lt;br /&gt;
&lt;br /&gt;
&lt;strong&gt;Rights Info: &lt;/strong&gt; No known restrictions on publication.&lt;br /&gt;
&lt;br /&gt;
&lt;strong&gt;Repository: &lt;/strong&gt; Tyrrell Photographic Collection, Powerhouse Museum &lt;a href=&quot;http://www.powerhousemuseum.com/collection/database/collection=The_Tyrrell_Photographic&quot;&gt;www.powerhousemuseum.com/collection/database/collection=The_Tyrrell_Photographic&lt;/a&gt;&lt;br /&gt;
&lt;br /&gt;
&lt;strong&gt;Part Of: &lt;/strong&gt; Powerhouse Museum Collection&lt;br /&gt;
&lt;br /&gt;
General information about the Powerhouse Museum Collection is available at &lt;a href=&quot;http://www.powerhousemuseum.com/collection/database&quot;&gt;www.powerhousemuseum.com/collection/database&lt;/a&gt;&lt;br /&gt;
&lt;br /&gt;
&lt;strong&gt;Persistent URL: &lt;/strong&gt;  &lt;a href=&quot;http://www.powerhousemuseum.com/collection/database/?irn=28557&quot;&gt;http://www.powerhousemuseum.com/collection/database/?irn=28557&lt;/a&gt;&lt;br /&gt;
&lt;br /&gt;
&lt;strong&gt;Acquisition credit line: &lt;/strong&gt; Gift of Australian Consolidated Press under the Taxation Incentives for the Arts Scheme, 1985&lt;/p&gt;</content>
    <author>
      <name>Powerhouse Museum Collection</name>
      <uri>http://www.flickr.com/people/powerhouse_museum/</uri>
      <flickr:nsid>24785917@N03</flickr:nsid>
    </author>
    <link rel="license" type="text/html" href="http://www.flickr.com/commons/usage/" />
    <link rel="enclosure" type="image/jpeg" href="http://farm3.static.flickr.com/2343/2414463667_4b6240449e_o.jpg" />
    <category term="trees" scheme="http://www.flickr.com/photos/tags/" />
    <category term="plant" scheme="http://www.flickr.com/photos/tags/" />
    <category term="man" scheme="http://www.flickr.com/photos/tags/" />
    <category term="tree" scheme="http://www.flickr.com/photos/tags/" />
    <category term="scale" scheme="http://www.flickr.com/photos/tags/" />
    <category term="grass" scheme="http://www.flickr.com/photos/tags/" />
    <category term="sepia" scheme="http://www.flickr.com/photos/tags/" />
    <category term="forest" scheme="http://www.flickr.com/photos/tags/" />
    <category term="bush" scheme="http://www.flickr.com/photos/tags/" />
    <category term="suit" scheme="http://www.flickr.com/photos/tags/" />
    <category term="odd" scheme="http://www.flickr.com/photos/tags/" />
    <category term="bloom" scheme="http://www.flickr.com/photos/tags/" />
    <category term="spike" scheme="http://www.flickr.com/photos/tags/" />
    <category term="shrubs" scheme="http://www.flickr.com/photos/tags/" />
    <category term="succulents" scheme="http://www.flickr.com/photos/tags/" />
    <category term="shrubbery" scheme="http://www.flickr.com/photos/tags/" />
    <category term="powerhousemuseum" scheme="http://www.flickr.com/photos/tags/" />
    <category term="grasstree" scheme="http://www.flickr.com/photos/tags/" />
    <category term="exoticplants" scheme="http://www.flickr.com/photos/tags/" />
    <category term="xanthorrhoea" scheme="http://www.flickr.com/photos/tags/" />
    <category term="xmlns:dc=httppurlorgdcelements11" scheme="http://www.flickr.com/photos/tags/" />
    <category term="dc:identifier=httpwwwpowerhousemuseumcomcollectiondatabaseirn28557" scheme="http://www.flickr.com/photos/tags/" />
  </entry>

  <entry>
    <title>Boatswain or tropic birds</title>
    <link rel="alternate" type="text/html" href="http://www.flickr.com/photos/powerhouse_museum/2362676389/in/set-72157604652611940/"/>
    <id>tag:flickr.com,2005:/photo/2362676389/in/set-72157604652611940</id>
    <published>2008-04-21T11:11:47Z</published>
    <updated>2008-04-21T11:11:47Z</updated>
    <dc:date.Taken>1969-12-31T16:00:00-08:00</dc:date.Taken>
    <content type="html">			&lt;p&gt;&lt;a href=&quot;http://www.flickr.com/people/powerhouse_museum/&quot;&gt;Powerhouse Museum Collection&lt;/a&gt; posted a photo:&lt;/p&gt;
	
&lt;p&gt;&lt;a href=&quot;http://www.flickr.com/photos/powerhouse_museum/2362676389/&quot; title=&quot;Boatswain or tropic birds&quot;&gt;&lt;img src=&quot;http://farm4.static.flickr.com/3284/2362676389_b0a145fce4_m.jpg&quot; width=&quot;240&quot; height=&quot;181&quot; alt=&quot;Boatswain or tropic birds&quot; /&gt;&lt;/a&gt;&lt;/p&gt;

&lt;p&gt;&lt;strong&gt;Format: &lt;/strong&gt; Glass plate negative.&lt;br /&gt;
&lt;br /&gt;
&lt;strong&gt;Rights Info: &lt;/strong&gt; No known restrictions on publication.&lt;br /&gt;
&lt;br /&gt;
&lt;strong&gt;Repository: &lt;/strong&gt; Tyrrell Photographic Collection, Powerhouse Museum &lt;a href=&quot;http://www.powerhousemuseum.com/collection/database/collection=The_Tyrrell_Photographic&quot;&gt;www.powerhousemuseum.com/collection/database/collection=The_Tyrrell_Photographic&lt;/a&gt;&lt;br /&gt;
&lt;br /&gt;
&lt;strong&gt;Part Of: &lt;/strong&gt; Powerhouse Museum Collection&lt;br /&gt;
&lt;br /&gt;
General information about the Powerhouse Museum Collection is available at &lt;a href=&quot;http://www.powerhousemuseum.com/collection/database&quot;&gt;www.powerhousemuseum.com/collection/database&lt;/a&gt;&lt;br /&gt;
&lt;br /&gt;
&lt;strong&gt;Persistent URL: &lt;/strong&gt;  &lt;a href=&quot;http://www.powerhousemuseum.com/collection/database/?irn=30134&quot;&gt;http://www.powerhousemuseum.com/collection/database/?irn=30134&lt;/a&gt;&lt;br /&gt;
&lt;br /&gt;
&lt;strong&gt;Acquisition credit line: &lt;/strong&gt; Gift of Australian Consolidated Press under the Taxation Incentives for the Arts Scheme, 1985&lt;/p&gt;</content>
    <author>
      <name>Powerhouse Museum Collection</name>
      <uri>http://www.flickr.com/people/powerhouse_museum/</uri>
      <flickr:nsid>24785917@N03</flickr:nsid>
    </author>
    <link rel="license" type="text/html" href="http://www.flickr.com/commons/usage/" />
    <link rel="enclosure" type="image/jpeg" href="http://farm4.static.flickr.com/3284/2362676389_984413a076_o.jpg" />
    <category term="life" scheme="http://www.flickr.com/photos/tags/" />
    <category term="stilllife" scheme="http://www.flickr.com/photos/tags/" />
    <category term="birds" scheme="http://www.flickr.com/photos/tags/" />
    <category term="animals" scheme="http://www.flickr.com/photos/tags/" />
    <category term="egg" scheme="http://www.flickr.com/photos/tags/" />
    <category term="aves" scheme="http://www.flickr.com/photos/tags/" />
    <category term="animaux" scheme="http://www.flickr.com/photos/tags/" />
    <category term="oiseaux" scheme="http://www.flickr.com/photos/tags/" />
    <category term="vie" scheme="http://www.flickr.com/photos/tags/" />
    <category term="powerhousemuseum" scheme="http://www.flickr.com/photos/tags/" />
    <category term="xmlns:dc=httppurlorgdcelements11" scheme="http://www.flickr.com/photos/tags/" />
    <category term="tropicbirds" scheme="http://www.flickr.com/photos/tags/" />
    <category term="dc:identifier=httpwwwpowerhousemuseumcomcollectiondatabaseirn30134" scheme="http://www.flickr.com/photos/tags/" />
    <category term="twowhitebirds" scheme="http://www.flickr.com/photos/tags/" />
  </entry>

  <entry>
    <title>Young emus, NSW</title>
    <link rel="alternate" type="text/html" href="http://www.flickr.com/photos/powerhouse_museum/2362652089/in/set-72157604652611940/"/>
    <id>tag:flickr.com,2005:/photo/2362652089/in/set-72157604652611940</id>
    <published>2008-04-21T11:11:28Z</published>
    <updated>2008-04-21T11:11:28Z</updated>
    <dc:date.Taken>1969-12-31T16:00:00-08:00</dc:date.Taken>
    <content type="html">			&lt;p&gt;&lt;a href=&quot;http://www.flickr.com/people/powerhouse_museum/&quot;&gt;Powerhouse Museum Collection&lt;/a&gt; posted a photo:&lt;/p&gt;
	
&lt;p&gt;&lt;a href=&quot;http://www.flickr.com/photos/powerhouse_museum/2362652089/&quot; title=&quot;Young emus, NSW&quot;&gt;&lt;img src=&quot;http://farm3.static.flickr.com/2391/2362652089_baaa1958d0_m.jpg&quot; width=&quot;240&quot; height=&quot;180&quot; alt=&quot;Young emus, NSW&quot; /&gt;&lt;/a&gt;&lt;/p&gt;

&lt;p&gt;&lt;strong&gt;Format: &lt;/strong&gt; Glass plate negative.&lt;br /&gt;
&lt;br /&gt;
&lt;strong&gt;Rights Info: &lt;/strong&gt; No known restrictions on publication.&lt;br /&gt;
&lt;br /&gt;
&lt;strong&gt;Repository: &lt;/strong&gt; Tyrrell Photographic Collection, Powerhouse Museum &lt;a href=&quot;http://www.powerhousemuseum.com/collection/database/collection=The_Tyrrell_Photographic&quot;&gt;www.powerhousemuseum.com/collection/database/collection=The_Tyrrell_Photographic&lt;/a&gt;&lt;br /&gt;
&lt;br /&gt;
&lt;strong&gt;Part Of: &lt;/strong&gt; Powerhouse Museum Collection&lt;br /&gt;
&lt;br /&gt;
General information about the Powerhouse Museum Collection is available at &lt;a href=&quot;http://www.powerhousemuseum.com/collection/database&quot;&gt;www.powerhousemuseum.com/collection/database&lt;/a&gt;&lt;br /&gt;
&lt;br /&gt;
&lt;strong&gt;Persistent URL: &lt;/strong&gt;  &lt;a href=&quot;http://www.powerhousemuseum.com/collection/database/?irn=31117&quot;&gt;http://www.powerhousemuseum.com/collection/database/?irn=31117&lt;/a&gt;&lt;br /&gt;
&lt;br /&gt;
&lt;strong&gt;Acquisition credit line: &lt;/strong&gt; Gift of Australian Consolidated Press under the Taxation Incentives for the Arts Scheme, 1985&lt;/p&gt;</content>
    <author>
      <name>Powerhouse Museum Collection</name>
      <uri>http://www.flickr.com/people/powerhouse_museum/</uri>
      <flickr:nsid>24785917@N03</flickr:nsid>
    </author>
    <link rel="license" type="text/html" href="http://www.flickr.com/commons/usage/" />
    <link rel="enclosure" type="image/jpeg" href="http://farm3.static.flickr.com/2391/2362652089_a57e127265_o.jpg" />
    <category term="blackandwhite" scheme="http://www.flickr.com/photos/tags/" />
    <category term="bird" scheme="http://www.flickr.com/photos/tags/" />
    <category term="nature" scheme="http://www.flickr.com/photos/tags/" />
    <category term="grass" scheme="http://www.flickr.com/photos/tags/" />
    <category term="birds" scheme="http://www.flickr.com/photos/tags/" />
    <category term="blackwhite" scheme="http://www.flickr.com/photos/tags/" />
    <category term="stripes" scheme="http://www.flickr.com/photos/tags/" />
    <category term="chicks" scheme="http://www.flickr.com/photos/tags/" />
    <category term="grasses" scheme="http://www.flickr.com/photos/tags/" />
    <category term="striped" scheme="http://www.flickr.com/photos/tags/" />
    <category term="vogel" scheme="http://www.flickr.com/photos/tags/" />
    <category term="powerhousemuseum" scheme="http://www.flickr.com/photos/tags/" />
    <category term="flightless" scheme="http://www.flickr.com/photos/tags/" />
    <category term="dromaiusnovaehollandiae" scheme="http://www.flickr.com/photos/tags/" />
    <category term="emus" scheme="http://www.flickr.com/photos/tags/" />
    <category term="xmlns:dc=httppurlorgdcelements11" scheme="http://www.flickr.com/photos/tags/" />
    <category term="dc:identifier=httpwwwpowerhousemuseumcomcollectiondatabaseirn31117" scheme="http://www.flickr.com/photos/tags/" />
  </entry>

  <entry>
    <title>Australian hawks</title>
    <link rel="alternate" type="text/html" href="http://www.flickr.com/photos/powerhouse_museum/2430719114/in/set-72157604652611940/"/>
    <id>tag:flickr.com,2005:/photo/2430719114/in/set-72157604652611940</id>
    <published>2008-04-21T11:11:04Z</published>
    <updated>2008-04-21T11:11:04Z</updated>
    <dc:date.Taken>1969-12-31T16:00:00-08:00</dc:date.Taken>
    <content type="html">			&lt;p&gt;&lt;a href=&quot;http://www.flickr.com/people/powerhouse_museum/&quot;&gt;Powerhouse Museum Collection&lt;/a&gt; posted a photo:&lt;/p&gt;
	
&lt;p&gt;&lt;a href=&quot;http://www.flickr.com/photos/powerhouse_museum/2430719114/&quot; title=&quot;Australian hawks&quot;&gt;&lt;img src=&quot;http://farm4.static.flickr.com/3238/2430719114_709bc64042_m.jpg&quot; width=&quot;181&quot; height=&quot;240&quot; alt=&quot;Australian hawks&quot; /&gt;&lt;/a&gt;&lt;/p&gt;

&lt;p&gt;&lt;strong&gt;Format: &lt;/strong&gt; Glass plate negative.&lt;br /&gt;
&lt;br /&gt;
&lt;strong&gt;Rights Info: &lt;/strong&gt; No known restrictions on publication.&lt;br /&gt;
&lt;br /&gt;
&lt;strong&gt;Repository: &lt;/strong&gt; Tyrrell Photographic Collection, Powerhouse Museum &lt;a href=&quot;http://www.powerhousemuseum.com/collection/database/collection=The_Tyrrell_Photographic&quot;&gt;www.powerhousemuseum.com/collection/database/collection=The_Tyrrell_Photographic&lt;/a&gt;&lt;br /&gt;
&lt;br /&gt;
&lt;strong&gt;Part Of: &lt;/strong&gt; Powerhouse Museum Collection&lt;br /&gt;
&lt;br /&gt;
General information about the Powerhouse Museum Collection is available at &lt;a href=&quot;http://www.powerhousemuseum.com/collection/database&quot;&gt;www.powerhousemuseum.com/collection/database&lt;/a&gt;&lt;br /&gt;
&lt;br /&gt;
&lt;strong&gt;Persistent URL: &lt;/strong&gt;  &lt;a href=&quot;http://www.powerhousemuseum.com/collection/database/?irn=29212&quot;&gt;http://www.powerhousemuseum.com/collection/database/?irn=29212&lt;/a&gt;&lt;br /&gt;
&lt;br /&gt;
&lt;strong&gt;Acquisition credit line: &lt;/strong&gt; Gift of Australian Consolidated Press under the Taxation Incentives for the Arts Scheme, 1985&lt;/p&gt;</content>
    <author>
      <name>Powerhouse Museum Collection</name>
      <uri>http://www.flickr.com/people/powerhouse_museum/</uri>
      <flickr:nsid>24785917@N03</flickr:nsid>
    </author>
    <link rel="license" type="text/html" href="http://www.flickr.com/commons/usage/" />
    <link rel="enclosure" type="image/jpeg" href="http://farm4.static.flickr.com/3238/2430719114_f6bdfa2ce7_o.jpg" />
    <category term="birds" scheme="http://www.flickr.com/photos/tags/" />
    <category term="buzzard" scheme="http://www.flickr.com/photos/tags/" />
    <category term="powerhousemuseum" scheme="http://www.flickr.com/photos/tags/" />
    <category term="hawks" scheme="http://www.flickr.com/photos/tags/" />
    <category term="xmlns:dc=httppurlorgdcelements11" scheme="http://www.flickr.com/photos/tags/" />
    <category term="dc:identifier=httpwwwpowerhousemuseumcomcollectiondatabaseirn29212" scheme="http://www.flickr.com/photos/tags/" />
  </entry>

  <entry>
    <title>Jibbaroos</title>
    <link rel="alternate" type="text/html" href="http://www.flickr.com/photos/powerhouse_museum/2430716428/in/set-72157604652611940/"/>
    <id>tag:flickr.com,2005:/photo/2430716428/in/set-72157604652611940</id>
    <published>2008-04-21T11:11:04Z</published>
    <updated>2008-04-21T11:11:04Z</updated>
    <dc:date.Taken>1969-12-31T16:00:00-08:00</dc:date.Taken>
    <content type="html">			&lt;p&gt;&lt;a href=&quot;http://www.flickr.com/people/powerhouse_museum/&quot;&gt;Powerhouse Museum Collection&lt;/a&gt; posted a photo:&lt;/p&gt;
	
&lt;p&gt;&lt;a href=&quot;http://www.flickr.com/photos/powerhouse_museum/2430716428/&quot; title=&quot;Jibbaroos&quot;&gt;&lt;img src=&quot;http://farm3.static.flickr.com/2160/2430716428_df5b41dd30_m.jpg&quot; width=&quot;188&quot; height=&quot;240&quot; alt=&quot;Jibbaroos&quot; /&gt;&lt;/a&gt;&lt;/p&gt;

&lt;p&gt;&lt;strong&gt;Format: &lt;/strong&gt; Glass plate negative.&lt;br /&gt;
&lt;br /&gt;
&lt;strong&gt;Rights Info: &lt;/strong&gt; No known restrictions on publication.&lt;br /&gt;
&lt;br /&gt;
&lt;strong&gt;Repository: &lt;/strong&gt; Tyrrell Photographic Collection, Powerhouse Museum &lt;a href=&quot;http://www.powerhousemuseum.com/collection/database/collection=The_Tyrrell_Photographic&quot;&gt;www.powerhousemuseum.com/collection/database/collection=The_Tyrrell_Photographic&lt;/a&gt;&lt;br /&gt;
&lt;br /&gt;
&lt;strong&gt;Part Of: &lt;/strong&gt; Powerhouse Museum Collection&lt;br /&gt;
&lt;br /&gt;
General information about the Powerhouse Museum Collection is available at &lt;a href=&quot;http://www.powerhousemuseum.com/collection/database&quot;&gt;www.powerhousemuseum.com/collection/database&lt;/a&gt;&lt;br /&gt;
&lt;br /&gt;
&lt;strong&gt;Persistent URL: &lt;/strong&gt;  &lt;a href=&quot;http://www.powerhousemuseum.com/collection/database/?irn=29067&quot;&gt;http://www.powerhousemuseum.com/collection/database/?irn=29067&lt;/a&gt;&lt;br /&gt;
&lt;br /&gt;
&lt;strong&gt;Acquisition credit line: &lt;/strong&gt; Gift of Australian Consolidated Press under the Taxation Incentives for the Arts Scheme, 1985&lt;/p&gt;</content>
    <author>
      <name>Powerhouse Museum Collection</name>
      <uri>http://www.flickr.com/people/powerhouse_museum/</uri>
      <flickr:nsid>24785917@N03</flickr:nsid>
    </author>
    <link rel="license" type="text/html" href="http://www.flickr.com/commons/usage/" />
    <link rel="enclosure" type="image/jpeg" href="http://farm3.static.flickr.com/2160/2430716428_9e969a2ea4_o.jpg" />
    <category term="nature" scheme="http://www.flickr.com/photos/tags/" />
    <category term="birds" scheme="http://www.flickr.com/photos/tags/" />
    <category term="stuffed" scheme="http://www.flickr.com/photos/tags/" />
    <category term="taxidermy" scheme="http://www.flickr.com/photos/tags/" />
    <category term="jabiru" scheme="http://www.flickr.com/photos/tags/" />
    <category term="powerhousemuseum" scheme="http://www.flickr.com/photos/tags/" />
    <category term="ephippiorhynchusasiaticus" scheme="http://www.flickr.com/photos/tags/" />
    <category term="xmlns:dc=httppurlorgdcelements11" scheme="http://www.flickr.com/photos/tags/" />
    <category term="dc:identifier=httpwwwpowerhousemuseumcomcollectiondatabaseirn29067" scheme="http://www.flickr.com/photos/tags/" />
    <category term="jibbaroos" scheme="http://www.flickr.com/photos/tags/" />
  </entry>

  <entry>
    <title>Penguins</title>
    <link rel="alternate" type="text/html" href="http://www.flickr.com/photos/powerhouse_museum/2430707122/in/set-72157604652611940/"/>
    <id>tag:flickr.com,2005:/photo/2430707122/in/set-72157604652611940</id>
    <published>2008-04-21T11:11:04Z</published>
    <updated>2008-04-21T11:11:04Z</updated>
    <dc:date.Taken>1969-12-31T16:00:00-08:00</dc:date.Taken>
    <content type="html">			&lt;p&gt;&lt;a href=&quot;http://www.flickr.com/people/powerhouse_museum/&quot;&gt;Powerhouse Museum Collection&lt;/a&gt; posted a photo:&lt;/p&gt;
	
&lt;p&gt;&lt;a href=&quot;http://www.flickr.com/photos/powerhouse_museum/2430707122/&quot; title=&quot;Penguins&quot;&gt;&lt;img src=&quot;http://farm3.static.flickr.com/2185/2430707122_df6e2b7c82_m.jpg&quot; width=&quot;240&quot; height=&quot;180&quot; alt=&quot;Penguins&quot; /&gt;&lt;/a&gt;&lt;/p&gt;

&lt;p&gt;&lt;strong&gt;Format: &lt;/strong&gt; Glass plate negative.&lt;br /&gt;
&lt;br /&gt;
&lt;strong&gt;Rights Info: &lt;/strong&gt; No known restrictions on publication.&lt;br /&gt;
&lt;br /&gt;
&lt;strong&gt;Repository: &lt;/strong&gt; Tyrrell Photographic Collection, Powerhouse Museum &lt;a href=&quot;http://www.powerhousemuseum.com/collection/database/collection=The_Tyrrell_Photographic&quot;&gt;www.powerhousemuseum.com/collection/database/collection=The_Tyrrell_Photographic&lt;/a&gt;&lt;br /&gt;
&lt;br /&gt;
&lt;strong&gt;Part Of: &lt;/strong&gt; Powerhouse Museum Collection&lt;br /&gt;
&lt;br /&gt;
General information about the Powerhouse Museum Collection is available at &lt;a href=&quot;http://www.powerhousemuseum.com/collection/database&quot;&gt;www.powerhousemuseum.com/collection/database&lt;/a&gt;&lt;br /&gt;
&lt;br /&gt;
&lt;strong&gt;Persistent URL: &lt;/strong&gt;  &lt;a href=&quot;http://www.powerhousemuseum.com/collection/database/?irn=28835&quot;&gt;http://www.powerhousemuseum.com/collection/database/?irn=28835&lt;/a&gt;&lt;br /&gt;
&lt;br /&gt;
&lt;strong&gt;Acquisition credit line: &lt;/strong&gt; Gift of Australian Consolidated Press under the Taxation Incentives for the Arts Scheme, 1985&lt;/p&gt;</content>
    <author>
      <name>Powerhouse Museum Collection</name>
      <uri>http://www.flickr.com/people/powerhouse_museum/</uri>
      <flickr:nsid>24785917@N03</flickr:nsid>
    </author>
    <link rel="license" type="text/html" href="http://www.flickr.com/commons/usage/" />
    <link rel="enclosure" type="image/jpeg" href="http://farm3.static.flickr.com/2185/2430707122_8f63a31e12_o.jpg" />
    <category term="birds" scheme="http://www.flickr.com/photos/tags/" />
    <category term="nest" scheme="http://www.flickr.com/photos/tags/" />
    <category term="nesting" scheme="http://www.flickr.com/photos/tags/" />
    <category term="powerhousemuseum" scheme="http://www.flickr.com/photos/tags/" />
    <category term="xmlns:dc=httppurlorgdcelements11" scheme="http://www.flickr.com/photos/tags/" />
    <category term="dc:identifier=httpwwwpowerhousemuseumcomcollectiondatabaseirn28835" scheme="http://www.flickr.com/photos/tags/" />
  </entry>


</feed>